datum,návštěvnost,tržba
2023-01-01,128,11181
2023-01-02,272,22368
2023-01-03,339,27789
2023-01-04,358,30147
2023-01-05,319,26389
2023-01-06,364,30670
2023-01-07,366,31136
2023-01-08,453,37916
2023-01-09,265,21999
2023-01-10,444,37786
2023-01-11,350,28671
2023-01-12,328,26355
2023-01-13,425,37166
2023-01-14,394,32536
2023-01-15,517,45912
2023-01-16,232,19543
2023-01-17,347,27698
2023-01-18,420,36001
2023-01-19,390,32174
2023-01-20,394,33871
2023-01-21,317,26467
2023-01-22,439,39005
2023-01-23,286,23383
2023-01-24,348,27319
2023-01-25,394,33289
2023-01-26,365,29611
2023-01-27,422,35009
2023-01-28,345,29604
2023-01-29,468,40932
2023-01-30,255,20253
2023-01-31,405,32582
2023-02-01,388,32339
2023-02-02,360,28316
2023-02-03,405,33809
2023-02-04,387,32360
2023-02-05,473,40767
2023-02-06,251,21255
2023-02-07,345,28236
2023-02-08,360,28742
2023-02-09,335,26758
2023-02-10,351,28949
2023-02-11,384,33319
2023-02-12,497,42885
2023-02-13,251,21049
2023-02-14,364,29900
2023-02-15,370,31226
2023-02-16,347,28944
2023-02-17,376,31503
2023-02-18,377,32724
2023-02-19,533,44575
2023-02-20,249,20877
2023-02-21,395,31542
2023-02-22,381,32218
2023-02-23,328,25255
2023-02-24,405,33689
2023-02-25,0,0
2023-02-26,188,17119
2023-02-27,275,22524
2023-02-28,327,26825
2023-03-01,362,29857
2023-03-02,326,27175
2023-03-03,346,28426
2023-03-04,328,28235
2023-03-05,420,35677
2023-03-06,223,18261
2023-03-07,364,29655
2023-03-08,423,33971
2023-03-09,335,27842
2023-03-10,395,31755
2023-03-11,402,34428
2023-03-12,466,39939
2023-03-13,261,20860
2023-03-14,399,31030
2023-03-15,410,34607
2023-03-16,377,30426
2023-03-17,344,27894
2023-03-18,305,25561
2023-03-19,446,37453
2023-03-20,228,18950
2023-03-21,360,28711
2023-03-22,368,30024
2023-03-23,303,24766
2023-03-24,352,28656
2023-03-25,0,0
2023-03-26,268,24383
2023-03-27,264,20274
2023-03-28,320,26256
2023-03-29,386,32798
2023-03-30,331,26540
2023-03-31,362,29103
2023-04-01,376,32401
2023-04-02,465,40689
2023-04-03,182,14286
2023-04-04,346,27204
2023-04-05,329,27295
2023-04-06,315,25963
2023-04-07,264,21258
2023-04-08,331,28325
2023-04-09,267,21677
2023-04-10,123,9815
2023-04-11,291,23006
2023-04-12,324,25972
2023-04-13,297,24915
2023-04-14,373,30664
2023-04-15,357,28508
2023-04-16,382,32651
2023-04-17,180,13268
2023-04-18,340,28513
2023-04-19,364,30554
2023-04-20,293,24369
2023-04-21,290,23964
2023-04-22,248,23146
2023-04-23,407,36109
2023-04-24,213,17351
2023-04-25,315,26044
2023-04-26,354,28684
2023-04-27,309,25727
2023-04-28,,
2023-04-29,,
2023-04-30,57,5633
2023-05-01,188,15096
2023-05-02,282,22875
2023-05-03,303,24543
2023-05-04,189,15574
2023-05-05,259,20514
2023-05-06,268,22971
2023-05-07,322,28465
2023-05-08,204,17565
2023-05-09,245,19652
2023-05-10,283,23913
2023-05-11,267,22425
2023-05-12,285,24362
2023-05-13,237,21256
2023-05-14,327,28057
2023-05-15,198,14765
2023-05-16,298,24392
2023-05-17,324,25821
2023-05-18,262,20964
2023-05-19,276,21633
2023-05-20,84,7981
2023-05-21,348,29958
2023-05-22,201,16140
2023-05-23,284,22762
2023-05-24,265,21268
2023-05-25,245,19662
2023-05-26,215,17847
2023-05-27,240,21384
2023-05-28,331,30177
2023-05-29,213,17507
2023-05-30,256,20291
2023-05-31,271,22342
2023-06-01,249,21211
2023-06-02,217,16059
2023-06-03,234,20788
2023-06-04,278,23953
2023-06-05,161,13071
2023-06-06,304,25761
2023-06-07,361,28233
2023-06-08,251,19302
2023-06-09,150,12902
2023-06-10,208,18237
2023-06-11,273,24439
2023-06-12,186,15154
2023-06-13,260,19896
2023-06-14,267,20827
2023-06-15,239,19539
2023-06-16,195,14786
2023-06-17,225,18532
2023-06-18,242,22685
2023-06-19,196,16356
2023-06-20,278,23540
2023-06-21,314,26557
2023-06-22,211,17957
2023-06-23,207,16971
2023-06-24,196,17137
2023-06-25,293,27081
2023-06-26,179,15042
2023-06-27,187,13782
2023-06-28,279,21371
2023-06-29,194,16877
2023-06-30,208,17383
2023-07-01,194,17723
2023-07-02,242,21350
2023-07-03,136,11236
2023-07-04,181,13810
2023-07-05,207,17423
2023-07-06,155,12010
2023-07-07,162,13547
2023-07-08,226,20150
2023-07-09,251,23557
2023-07-10,187,14904
2023-07-11,218,18442
2023-07-12,203,16897
2023-07-13,207,16843
2023-07-14,137,10546
2023-07-15,226,22441
2023-07-16,224,21240
2023-07-17,159,12852
2023-07-18,0,0
2023-07-19,0,0
2023-07-20,2,192
2023-07-21,0,0
2023-07-22,0,0
2023-07-23,0,0
2023-07-24,176,14765
2023-07-25,178,14515
2023-07-26,210,17864
2023-07-27,192,15415
2023-07-28,242,21253
2023-07-29,221,18577
2023-07-30,272,23418
2023-07-31,221,18478
2023-08-01,300,24487
2023-08-02,292,23410
2023-08-03,208,16871
2023-08-04,322,25588
2023-08-05,260,22008
2023-08-06,329,28343
2023-08-07,227,18216
2023-08-08,305,24631
2023-08-09,272,21386
2023-08-10,221,16261
2023-08-11,202,15686
2023-08-12,234,19736
2023-08-13,245,21284
2023-08-14,193,15384
2023-08-15,217,17968
2023-08-16,246,19835
2023-08-17,235,20353
2023-08-18,208,17310
2023-08-19,190,17379
2023-08-20,310,29817
2023-08-21,160,14182
2023-08-22,242,19341
2023-08-23,229,19192
2023-08-24,182,15394
2023-08-25,248,20645
2023-08-26,250,21784
2023-08-27,330,28021
2023-08-28,225,17871
2023-08-29,299,24171
2023-08-30,314,24371
2023-08-31,229,17534
2023-09-01,243,18061
2023-09-02,236,19758
2023-09-03,297,25229
2023-09-04,178,14207
2023-09-05,254,20206
2023-09-06,314,25126
2023-09-07,279,24637
2023-09-08,280,23408
2023-09-09,354,32617
2023-09-10,398,35657
2023-09-11,239,18932
2023-09-12,268,22861
2023-09-13,223,16730
2023-09-14,216,17426
2023-09-15,225,17805
2023-09-16,255,22210
2023-09-17,348,31194
2023-09-18,183,15047
2023-09-19,232,17135
2023-09-20,224,17009
2023-09-21,205,15761
2023-09-22,296,23268
2023-09-23,219,18331
2023-09-24,283,23908
2023-09-25,166,13062
2023-09-26,221,17357
2023-09-27,201,16374
2023-09-28,193,15322
2023-09-29,255,20000
2023-09-30,235,19550
2023-10-01,245,20365
2023-10-02,165,13267
2023-10-03,304,23212
2023-10-04,257,21154
2023-10-05,245,18618
2023-10-06,244,19567
2023-10-07,244,19630
2023-10-08,337,29350
2023-10-09,195,14111
2023-10-10,260,20536
2023-10-11,230,17854
2023-10-12,246,20019
2023-10-13,269,20611
2023-10-14,232,18579
2023-10-15,305,26016
2023-10-16,237,18683
2023-10-17,246,19305
2023-10-18,282,22356
2023-10-19,283,23669
2023-10-20,292,23997
2023-10-21,228,19147
2023-10-22,348,29400
2023-10-23,194,14243
2023-10-24,292,22263
2023-10-25,277,22513
2023-10-26,275,21345
2023-10-27,369,28387
2023-10-28,249,20738
2023-10-29,365,29498
2023-10-30,204,15597
2023-10-31,284,22050
2023-11-01,308,23612
2023-11-02,287,22630
2023-11-03,371,30749
2023-11-04,217,18211
2023-11-05,356,29156
2023-11-06,194,15380
2023-11-07,290,23687
2023-11-08,351,28504
2023-11-09,276,21133
2023-11-10,351,26886
2023-11-11,305,26770
2023-11-12,356,30287
2023-11-13,219,17130
2023-11-14,321,24613
2023-11-15,361,29785
2023-11-16,257,19343
2023-11-17,276,22685
2023-11-18,337,29175
2023-11-19,389,33337
2023-11-20,233,18354
2023-11-21,332,26648
2023-11-22,321,25931
2023-11-23,287,22669
2023-11-24,300,24276
2023-11-25,322,27680
2023-11-26,345,29867
2023-11-27,219,16702
2023-11-28,291,23659
2023-11-29,283,22907
2023-11-30,269,21447
2023-12-01,280,20796
2023-12-02,0,0
2023-12-03,108,9333
2023-12-04,197,15783
2023-12-05,252,18392
2023-12-06,272,20488
2023-12-07,235,18220
2023-12-08,281,23326
2023-12-09,263,22372
2023-12-10,327,27494
2023-12-11,206,14851
2023-12-12,266,20596
2023-12-13,275,21017
2023-12-14,241,17951
2023-12-15,259,19555
2023-12-16,237,19611
2023-12-17,266,22143
2023-12-18,189,15005
2023-12-19,151,10642
2023-12-20,274,21077
2023-12-21,242,19045
2023-12-22,275,21065
2023-12-23,276,21673
2023-12-24,0,0
2023-12-25,153,11916
2023-12-26,293,24638
2023-12-27,406,32640
2023-12-28,463,38485
2023-12-29,386,30721
2023-12-30,479,42169
2023-12-31,219,16325
2024-01-01,0,0
2024-01-02,208,15068
2024-01-03,450,39360
2024-01-04,395,31127
2024-01-05,373,30142
2024-01-06,468,37586
2024-01-07,495,42472
2024-01-08,476,41958
2024-01-09,246,20594
2024-01-10,352,29396
2024-01-11,338,28816
2024-01-12,355,29990
2024-01-13,430,35097
2024-01-14,467,41605
2024-01-15,456,43310
2024-01-16,294,24337
2024-01-17,344,30377
2024-01-18,326,24498
2024-01-19,342,28511
2024-01-20,355,29648
2024-01-21,431,38609
2024-01-22,504,44517
2024-01-23,257,20790
2024-01-24,338,27051
2024-01-25,396,33096
2024-01-26,408,33757
2024-01-27,406,32840
2024-01-28,385,33637
2024-01-29,501,44603
2024-01-30,259,21718
2024-01-31,367,30002
2024-02-01,351,28580
2024-02-02,316,25131
2024-02-03,453,36907
2024-02-04,435,36666
2024-02-05,518,45411
2024-02-06,282,22168
2024-02-07,395,30783
2024-02-08,427,34027
2024-02-09,420,32174
2024-02-10,452,36753
2024-02-11,453,37736
2024-02-12,560,50599
2024-02-13,304,23643
2024-02-14,410,31853
2024-02-15,398,30277
2024-02-16,407,29321
2024-02-17,429,34657
2024-02-18,438,38192
2024-02-19,550,46161
2024-02-20,265,18922
2024-02-21,438,32159
2024-02-22,416,32391
2024-02-23,422,32084
2024-02-24,437,35424
2024-02-25,396,33498
2024-02-26,441,36952
2024-02-27,300,23067
2024-02-28,426,29930
2024-02-29,410,29837
2024-03-01,383,27868
2024-03-02,347,28552
2024-03-03,372,31625
2024-03-04,374,31168
2024-03-05,210,17090
2024-03-06,352,28930
2024-03-07,363,27845
2024-03-08,306,26099
2024-03-09,366,29179
2024-03-10,404,34302
2024-03-11,437,36084
2024-03-12,261,20140
2024-03-13,378,30842
2024-03-14,388,31239
2024-03-15,220,15733
2024-03-16,0,0
2024-03-17,0,0
2024-03-18,210,19991
2024-03-19,267,21016
2024-03-20,352,28183
2024-03-21,337,27125
2024-03-22,312,24644
2024-03-23,298,22117
2024-03-24,317,25804
2024-03-25,446,36535
2024-03-26,292,23314
2024-03-27,314,24216
2024-03-28,349,27016
2024-03-29,317,27405
2024-03-30,250,20309
2024-03-31,318,26171
2024-04-01,289,22617
2024-04-02,128,10517
2024-04-03,254,18012
2024-04-04,332,26316
2024-04-05,299,23576
2024-04-06,247,19836
2024-04-07,305,25989
2024-04-08,433,38001
2024-04-09,221,16620
2024-04-10,295,22506
2024-04-11,305,24217
2024-04-12,279,22020
2024-04-13,271,21189
2024-04-14,314,26468
2024-04-15,361,30286
2024-04-16,248,18633
2024-04-17,284,22786
2024-04-18,317,25570
2024-04-19,312,24005
2024-04-20,331,27552
2024-04-21,425,36628
2024-04-22,402,33495
2024-04-23,222,17716
2024-04-24,286,24271
2024-04-25,334,26630
2024-04-26,305,24056
2024-04-27,296,22955
2024-04-28,265,21244
2024-04-29,337,28767
2024-04-30,230,18664
2024-05-01,266,22346
2024-05-02,282,23460
2024-05-03,277,21789
2024-05-04,222,17703
2024-05-05,0,0
2024-05-06,180,15854
2024-05-07,221,18274
2024-05-08,337,26690
2024-05-09,298,24588
2024-05-10,268,21444
2024-05-11,261,20650
2024-05-12,331,28872
2024-05-13,373,32508
2024-05-14,207,17270
2024-05-15,277,22486
2024-05-16,313,24685
2024-05-17,207,15448
2024-05-18,298,24270
2024-05-19,333,29051
2024-05-20,432,38167
2024-05-21,198,16872
2024-05-22,287,22294
2024-05-23,353,27762
2024-05-24,220,17365
2024-05-25,281,21909
2024-05-26,297,25610
2024-05-27,302,26689
2024-05-28,236,19217
2024-05-29,313,25370
2024-05-30,309,24010
2024-05-31,281,22039
2024-06-01,280,21882
2024-06-02,445,39342
2024-06-03,389,33656
2024-06-04,188,15846
2024-06-05,274,21433
2024-06-06,286,22469
2024-06-07,261,21362
2024-06-08,226,17509
2024-06-09,274,24656
2024-06-10,360,32906
2024-06-11,228,18411
2024-06-12,302,25321
2024-06-13,136,9663
2024-06-14,0,0
2024-06-15,0,0
2024-06-16,0,0
2024-06-17,0,0
2024-06-18,250,22433
2024-06-19,288,25234
2024-06-20,290,24078
2024-06-21,183,14761
2024-06-22,271,22248
2024-06-23,300,27733
2024-06-24,336,30639
2024-06-25,146,11519
2024-06-26,255,21671
2024-06-27,287,26469
2024-06-28,268,22735
2024-06-29,235,19319
2024-06-30,219,18422
2024-07-01,260,22891
2024-07-02,188,17325
2024-07-03,211,16504
2024-07-04,225,18712
2024-07-05,200,15785
2024-07-06,160,13348
2024-07-07,176,16637
2024-07-08,240,21783
2024-07-09,0,0
2024-07-10,0,0
2024-07-11,142,12228
2024-07-12,0,0
2024-07-13,0,0
2024-07-14,0,0
2024-07-15,0,0
2024-07-16,0,0
2024-07-17,0,0
2024-07-18,0,0
2024-07-19,0,0
2024-07-20,0,0
2024-07-21,0,0
2024-07-22,0,0
2024-07-23,0,0
2024-07-24,0,0
2024-07-25,0,0
2024-07-26,0,0
2024-07-27,0,0
2024-07-28,0,0
2024-07-29,0,0
2024-07-30,142,12228
2024-07-31,180,15094
2024-08-01,158,13528
2024-08-02,177,14597
2024-08-03,194,16332
2024-08-04,168,14672
2024-08-05,277,23741
2024-08-06,148,11476
2024-08-07,219,19244
2024-08-08,196,16232
2024-08-09,196,15464
2024-08-10,141,11414
2024-08-11,198,17827
2024-08-12,210,18322
2024-08-13,149,13429
2024-08-14,207,16906
2024-08-15,238,21797
2024-08-16,184,15431
2024-08-17,179,15703
2024-08-18,215,18300
2024-08-19,289,25185
2024-08-20,146,12326
2024-08-21,198,15864
2024-08-22,187,15396
2024-08-23,166,13800
2024-08-24,184,15624
2024-08-25,215,19797
2024-08-26,233,20301
2024-08-27,146,11068
2024-08-28,203,16332
2024-08-29,211,15964
2024-08-30,193,16536
2024-08-31,176,14594
2024-09-01,212,18314
2024-09-02,241,20990
2024-09-03,149,12813
2024-09-04,228,17189
2024-09-05,292,22372
2024-09-06,206,17053
2024-09-07,208,16135
2024-09-08,209,18227
2024-09-09,264,22135
2024-09-10,159,11795
2024-09-11,240,19095
2024-09-12,283,23086
2024-09-13,228,16911
2024-09-14,306,24985
2024-09-15,328,27826
2024-09-16,364,29919
2024-09-17,206,16888
2024-09-18,193,14728
2024-09-19,259,21259
2024-09-20,204,15522
2024-09-21,232,19320
2024-09-22,198,16449
2024-09-23,266,21659
2024-09-24,195,14776
2024-09-25,234,18604
2024-09-26,201,15705
2024-09-27,242,18963
2024-09-28,227,18544
2024-09-29,262,21879
2024-09-30,338,29485
2024-10-01,166,13279
2024-10-02,257,21013
2024-10-03,285,22620
2024-10-04,229,18276
2024-10-05,271,22492
2024-10-06,307,26067
2024-10-07,349,29763
2024-10-08,187,14467
2024-10-09,226,18120
2024-10-10,276,21249
2024-10-11,254,20503
2024-10-12,287,23326
2024-10-13,259,21169
2024-10-14,372,31253
2024-10-15,188,14016
2024-10-16,238,18689
2024-10-17,277,21886
2024-10-18,268,20617
2024-10-19,283,23341
2024-10-20,277,22789
2024-10-21,350,29065
2024-10-22,210,16795
2024-10-23,313,25449
2024-10-24,282,22368
2024-10-25,290,23191
2024-10-26,248,19384
2024-10-27,286,23351
2024-10-28,388,33222
2024-10-29,188,15042
2024-10-30,315,25547
2024-10-31,356,28710
2024-11-01,306,23518
2024-11-02,294,23317
2024-11-03,354,29240
2024-11-04,401,33160
2024-11-05,215,16557
2024-11-06,281,22074
2024-11-07,289,22048
2024-11-08,299,23622
2024-11-09,364,27169
2024-11-10,287,23207
2024-11-11,346,28707
2024-11-12,240,18866
2024-11-13,294,23417
2024-11-14,302,24471
2024-11-15,299,23223
2024-11-16,329,26507
2024-11-17,386,32697
2024-11-18,456,38087
2024-11-19,264,20795
2024-11-20,335,26259
2024-11-21,346,28515
2024-11-22,335,28097
2024-11-23,322,26849
2024-11-24,313,27026
2024-11-25,433,36035
2024-11-26,249,20072
2024-11-27,349,28402
2024-11-28,318,25704
2024-11-29,307,25425
2024-11-30,335,26186
2024-12-01,1,1
2024-12-02,0,0
2024-12-03,225,17863
2024-12-04,313,24170
2024-12-05,327,25443
2024-12-06,258,20585
2024-12-07,273,20076
2024-12-08,333,27018
2024-12-09,432,35470
2024-12-10,209,16574
2024-12-11,159,11220
2024-12-12,353,28100
2024-12-13,232,17828
2024-12-14,282,23805
2024-12-15,268,22820
2024-12-16,393,33295
2024-12-17,211,17352
2024-12-18,257,19519
2024-12-19,287,22756
2024-12-20,273,22620
2024-12-21,261,20759
2024-12-22,262,21702
2024-12-23,346,29157
2024-12-24,226,18603
2024-12-25,0,0
2024-12-26,234,19690
2024-12-27,356,28885
2024-12-28,407,32766
2024-12-29,399,34348
2024-12-30,456,39486
2024-12-31,374,31885
2025-01-01,219,14625
